station,obs_date,temperature_c,pressure_hpa,humidity
S1,2025-01-01,-3.5,1020.0,91.9
S1,2025-01-02,-5.0,1021.2,
S1,2025-01-03,-5.9,1022.3,88.6
S1,2025-01-04,-6.0,1023.2,85.9
S1,2025-01-05,-5.3,1023.9,83.1
S1,2025-01-06,-3.9,1024.4,80.2
S1,2025-01-07,-2.0,1024.7,77.7
S1,2025-01-08,-0.1,1024.6,75.8
S1,2025-01-09,1.5,1024.3,74.7
S1,2025-01-10,2.6,1023.8,74.4
S1,2025-01-11,2.9,1023.0,75.1
S1,2025-01-12,2.3,1022.0,76.7
S1,2025-01-13,1.1,1020.9,78.9
S1,2025-01-14,-0.7,1019.7,81.6
S1,2025-01-15,-2.7,1018.4,84.6
S1,2025-01-16,-4.4,1017.1,87.3
S1,2025-01-17,-5.6,1016.0,89.7
S1,2025-01-18,-6.1,1014.9,91.4
S1,2025-01-19,-5.7,1014.0,92.3
S1,2025-01-20,-4.6,1013.3,92.3
S1,2025-01-21,-2.9,1012.9,91.3
S1,2025-01-22,-1.0,1012.7,89.6
S1,2025-01-23,0.8,1012.8,87.2
S1,2025-01-24,2.2,1013.2,84.4
S1,2025-01-25,2.9,1013.8,81.6
S1,2025-01-26,2.7,1014.6,78.8
S1,2025-01-27,1.7,1015.6,76.6
S1,2025-01-28,0.1,1016.8,75.1
S1,2025-01-29,-1.8,1018.0,74.4
S1,2025-01-30,-3.7,1019.3,74.7
S1,2025-01-31,-5.2,1020.5,75.8
S2,2025-01-01,6.5,1017.5,79.8
S2,2025-01-02,5.0,1018.7,78.6
S2,2025-01-03,4.1,1019.8,76.4
S2,2025-01-04,4.0,1020.7,73.8
S2,2025-01-05,4.7,1021.4,70.9
S2,2025-01-06,6.1,1021.9,68.1
S2,2025-01-07,8.0,1022.2,65.6
S2,2025-01-08,9.9,1022.1,63.7
S2,2025-01-09,11.5,1021.8,62.6
S2,2025-01-10,12.6,1021.3,62.3
S2,2025-01-11,12.9,1020.5,
S2,2025-01-12,12.3,1019.5,64.6
S2,2025-01-13,11.1,1018.4,66.8
S2,2025-01-14,9.3,1017.2,69.6
S2,2025-01-15,7.3,1015.9,72.4
S2,2025-01-16,5.6,1014.6,75.2
S2,2025-01-17,4.4,1013.5,77.6
S2,2025-01-18,3.9,1012.4,79.3
S2,2025-01-19,4.3,1011.5,80.2
S2,2025-01-20,5.4,1010.8,80.2
S2,2025-01-21,7.1,1010.4,79.2
S2,2025-01-22,9.0,1010.2,77.6
S2,2025-01-23,10.8,1010.3,75.1
S2,2025-01-24,12.2,1010.7,
S2,2025-01-25,12.9,1011.3,69.4
S2,2025-01-26,12.7,1012.1,66.7
S2,2025-01-27,11.7,1013.1,64.6
S2,2025-01-28,10.1,1014.3,63.1
S2,2025-01-29,8.2,1015.5,62.3
S2,2025-01-30,6.3,1016.8,62.6
S2,2025-01-31,4.8,1018.0,63.7
S3,2025-01-01,1.0,1010.7,74.7
S3,2025-01-02,-0.5,1011.9,73.4
S3,2025-01-03,-1.4,1013.0,71.3
S3,2025-01-04,-1.5,1013.9,68.7
S3,2025-01-05,-0.8,1014.6,65.8
S3,2025-01-06,0.6,1015.1,63.1
S3,2025-01-07,2.5,1015.4,60.6
S3,2025-01-08,4.4,1015.3,58.6
S3,2025-01-09,6.0,1015.0,57.6
S3,2025-01-10,7.1,1014.5,57.2
S3,2025-01-11,7.4,1013.7,57.9
S3,2025-01-12,6.8,1012.7,59.6
S3,2025-01-13,5.6,1011.6,61.7
S3,2025-01-14,3.8,1010.4,64.4
S3,2025-01-15,1.8,1009.1,67.3
S3,2025-01-16,0.1,1007.8,70.1
S3,2025-01-17,-1.1,1006.7,72.6
S3,2025-01-18,-1.6,1005.6,74.2
S3,2025-01-19,-1.2,1004.7,
S3,2025-01-20,-0.1,1004.0,75.1
S3,2025-01-21,1.6,1003.6,74.1
S3,2025-01-22,3.5,1003.4,72.4
S3,2025-01-23,5.3,1003.5,70.1
S3,2025-01-24,6.7,1003.9,67.2
S3,2025-01-25,7.4,1004.5,64.3
S3,2025-01-26,7.2,1005.3,61.6
S3,2025-01-27,6.2,1006.3,59.4
S3,2025-01-28,4.6,1007.5,57.9
S3,2025-01-29,2.7,1008.7,57.2
S3,2025-01-30,0.8,1010.0,57.6
S3,2025-01-31,-0.7,1011.2,58.6
S4,2025-01-01,2.8,1014.1,87.1
S4,2025-01-02,1.3,1015.3,85.8
S4,2025-01-03,0.4,1016.4,83.7
S4,2025-01-04,0.3,1017.3,81.1
S4,2025-01-05,1.0,1018.0,78.2
S4,2025-01-06,2.4,1018.5,75.4
S4,2025-01-07,4.3,1018.8,72.9
S4,2025-01-08,6.2,1018.7,71.1
S4,2025-01-09,7.8,1018.4,69.9
S4,2025-01-10,8.9,1017.9,69.6
S4,2025-01-11,9.2,1017.1,70.3
S4,2025-01-12,8.6,1016.1,71.9
S4,2025-01-13,7.4,1015.0,74.1
S4,2025-01-14,5.6,1013.8,76.8
S4,2025-01-15,3.6,1012.5,79.7
S4,2025-01-16,1.9,1011.2,82.6
S4,2025-01-17,0.7,1010.1,84.9
S4,2025-01-18,0.2,1009.0,86.6
S4,2025-01-19,0.6,1008.1,87.6
S4,2025-01-20,1.7,1007.4,87.6
S4,2025-01-21,3.4,1007.0,86.6
S4,2025-01-22,5.3,1006.8,84.8
S4,2025-01-23,7.1,1006.9,82.4
S4,2025-01-24,8.5,1007.3,79.6
S4,2025-01-25,9.2,1007.9,76.7
S4,2025-01-26,9.0,1008.7,74.1
S4,2025-01-27,8.0,1009.7,
S4,2025-01-28,6.4,1010.9,70.3
S4,2025-01-29,4.5,1012.1,69.6
S4,2025-01-30,2.6,1013.4,69.9
S4,2025-01-31,1.1,1014.6,71.1
